subset,method_a,method_b,group,metric,num_mashups,mean_a,mean_b,mean_difference,relative_improvement_percent,bootstrap_ci_low,bootstrap_ci_high,wilcoxon_statistic,p_raw,rank_biserial,method_a_win_rate,tie_rate,p_holm_subset_global,p_holm_comparison,significance_global,ci_excludes_zero
full,SCF-LightGCN+BGE,Inductive LightGCN,Head,Recall@5,1487,0.7538458287785793,0.7511676727043237,0.002678156074255601,0.35653239237703227,-0.007230776863426494,0.012759442024741283,25980.0,0.693584208651135,-0.025159002645353746,0.09213180901143242,0.7807666442501682,1.0,1.0,ns,False
full,SCF-LightGCN+BGE,Inductive LightGCN,Head,NDCG@5,1487,0.7357821714911215,0.7341327638441227,0.0016494076469986687,0.22467429983126116,-0.0061162717387430055,0.009454132916008644,73225.0,0.6430201049861355,-0.0228719358411508,0.17350369872225957,0.6321452589105582,1.0,1.0,ns,False
full,SCF-LightGCN+BGE,Inductive LightGCN,Head,MAP@5,1487,0.685548270193529,0.6853595357294079,0.00018873446412114936,0.027538022640960974,-0.00804292603800842,0.008280053675060397,73764.5,0.696071027358106,-0.019258638799143767,0.17484868863483524,0.6314727639542703,1.0,1.0,ns,False
full,SCF-LightGCN+BGE,Inductive LightGCN,Head,Recall@10,1487,0.802793590024592,0.8048266317012114,-0.002033041676619348,-0.2526061634319907,-0.011688859671795112,0.007924841774455085,25185.5,0.16052009429729908,-0.08876949238395021,0.09280430396772024,0.7767316745124412,0.9631205657837945,0.9631205657837945,ns,False
full,SCF-LightGCN+BGE,Inductive LightGCN,Head,NDCG@10,1487,0.7524879918388112,0.7524832831933388,4.708645472529217e-06,0.0006257475186089156,-0.0072032907763419805,0.006986576133402253,94040.0,0.3667796641771779,-0.041635456634615875,0.20242098184263618,0.5790181573638198,1.0,1.0,ns,False
full,SCF-LightGCN+BGE,Inductive LightGCN,Head,MAP@10,1487,0.6936381181840839,0.6942492410569381,-0.0006111228728541764,-0.08802643729560172,-0.008434262003960137,0.007312778009729796,94037.5,0.40318782241428264,-0.03859424920127796,0.20174848688634836,0.5796906523201076,1.0,1.0,ns,False
full,SCF-LightGCN+BGE,Inductive LightGCN,Middle,Recall@5,237,0.4229254571026724,0.23956868260665726,0.183356774496015,76.5362035225049,0.1355368026254102,0.2332911392405063,131.0,5.6240299546972265e-11,0.891511387163561,0.25738396624472576,0.7088607594936709,1.6309686868621958e-09,1.0123253918455008e-09,***,True
full,SCF-LightGCN+BGE,Inductive LightGCN,Middle,NDCG@5,237,0.2949669767604485,0.15245592365653346,0.14251105310391513,93.47688806436734,0.10955526128951315,0.17595565191491505,314.0,7.215762539849538e-14,0.8705421562564419,0.35864978902953587,0.5864978902953587,2.4533592635488427e-12,1.5874677587668984e-12,***,True
full,SCF-LightGCN+BGE,Inductive LightGCN,Middle,MAP@5,237,0.24768479449914046,0.1212103453664635,0.126474449132677,104.34294923448834,0.09677871542428503,0.1579368260665729,329.5,1.0730911835772877e-13,0.8641517212945784,0.35864978902953587,0.5864978902953587,3.5412009058050497e-12,2.2534914855123043e-12,***,True
full,SCF-LightGCN+BGE,Inductive LightGCN,Middle,Recall@10,237,0.5260196905766525,0.32032348804500704,0.20569620253164558,64.21514818880351,0.1570557899671824,0.25668366150961086,226.0,2.1210691551611978e-12,0.8733893557422969,0.3037974683544304,0.6455696202531646,6.787421296515833e-11,4.2421383103223957e-11,***,True
full,SCF-LightGCN+BGE,Inductive LightGCN,Middle,NDCG@10,237,0.32987929837001445,0.17992424939893567,0.14995504897107884,83.34343451315011,0.12016669004134306,0.18108993473835022,583.5,5.5245498654497727e-17,0.8564222440944882,0.4430379746835443,0.4641350210970464,2.0440834502164158e-15,1.3258919677079455e-15,***,True
full,SCF-LightGCN+BGE,Inductive LightGCN,Middle,MAP@10,237,0.2628217392598546,0.13283920850728162,0.12998253075257296,97.8495221502678,0.10091386581980814,0.15994054642094377,685.0,4.2490962100559827e-16,0.8314468503937008,0.4472573839662447,0.4641350210970464,1.487183673519594e-14,9.77292128312876e-15,***,True
full,SCF-LightGCN+BGE,Inductive LightGCN,Tail,Recall@5,110,0.3181818181818182,0.11666666666666665,0.20151515151515148,172.72727272727272,0.12575757575757576,0.2803030303030303,32.0,8.443484347651283e-06,0.8787878787878788,0.2636363636363636,0.7090909090909091,6.754787478121026e-05,6.754787478121026e-05,***,True
full,SCF-LightGCN+BGE,Inductive LightGCN,Tail,NDCG@5,110,0.22131235753673567,0.08304732961497331,0.13826502792176232,166.4894326678426,0.08726148576637022,0.1901807870278088,57.0,3.3355598774802286e-06,0.8538461538461538,0.3181818181818182,0.6454545454545455,3.0020038897322057e-05,3.0020038897322057e-05,***,True
full,SCF-LightGCN+BGE,Inductive LightGCN,Tail,MAP@5,110,0.18237373737373735,0.06994949494949494,0.11242424242424243,160.72202166064983,0.06742424242424243,0.16116351010101002,77.0,1.2395003891505447e-05,0.8025641025641026,0.3181818181818182,0.6454545454545455,8.676502724053813e-05,8.676502724053813e-05,***,True
full,SCF-LightGCN+BGE,Inductive LightGCN,Tail,Recall@10,110,0.4106060606060606,0.15606060606060607,0.2545454545454545,163.10679611650482,0.17424242424242423,0.33787878787878795,26.0,6.211630971744374e-07,0.9174603174603174,0.3,0.6818181818181818,6.8327940689188115e-06,6.8327940689188115e-06,***,True
full,SCF-LightGCN+BGE,Inductive LightGCN,Tail,NDCG@10,110,0.2527683160944375,0.09714525121803555,0.155623064876402,160.19626582375827,0.1053538321235005,0.2090465321860382,64.5,1.9745272960757987e-07,0.8806660499537465,0.37272727272727274,0.5818181818181818,2.3694327552909584e-06,2.3694327552909584e-06,***,True
full,SCF-LightGCN+BGE,Inductive LightGCN,Tail,MAP@10,110,0.19786796536796536,0.07583193041526375,0.12203603495270163,160.92961669895422,0.07770113836780505,0.17047297378547377,89.5,8.268332490474651e-07,0.8344125809435707,0.37272727272727274,0.5818181818181818,8.268332490474651e-06,8.268332490474651e-06,***,True
full,SCF-LightGCN+BGE,Inductive LightGCN,Unseen,Recall@5,144,0.24224537037037036,0.0,0.24224537037037036,24224537037037.035,0.17627314814814815,0.3125,0.0,4.14582536497604e-09,1.0,0.2569444444444444,0.7430555555555556,8.706233266449683e-08,6.218738047464059e-08,***,True
full,SCF-LightGCN+BGE,Inductive LightGCN,Unseen,NDCG@5,144,0.15225477317288638,0.0,0.15225477317288638,15225477317288.639,0.10763355937003881,0.19994717734729964,0.0,1.1103930025090097e-07,1.0,0.2569444444444444,0.7430555555555556,1.772211422893446e-06,1.5506849950317651e-06,***,True
full,SCF-LightGCN+BGE,Inductive LightGCN,Unseen,MAP@5,144,0.12080632716049383,0.0,0.12080632716049383,12080632716049.383,0.08264949845679014,0.1633303433641975,0.0,1.1076321393084037e-07,1.0,0.2569444444444444,0.7430555555555556,1.772211422893446e-06,1.5506849950317651e-06,***,True
full,SCF-LightGCN+BGE,Inductive LightGCN,Unseen,Recall@10,144,0.3462962962962963,0.0,0.3462962962962963,34629629629629.633,0.26921296296296293,0.42569444444444443,0.0,3.641176890352229e-12,1.0,0.3680555555555556,0.6319444444444444,1.1287648360091909e-10,6.918236091669235e-11,***,True
full,SCF-LightGCN+BGE,Inductive LightGCN,Unseen,NDCG@10,144,0.18808165046500122,0.0,0.18808165046500122,18808165046500.12,0.1431707704624738,0.235993425367577,0.0,2.3530859990444224e-10,1.0,0.3680555555555556,0.6319444444444444,6.3443775635446235e-09,3.9946080955651335e-09,***,True
full,SCF-LightGCN+BGE,Inductive LightGCN,Unseen,MAP@10,144,0.13595137051734274,0.0,0.13595137051734274,13595137051734.273,0.09777899489271016,0.17756740060993534,0.0,2.34976946797949e-10,1.0,0.3680555555555556,0.6319444444444444,6.3443775635446235e-09,3.9946080955651335e-09,***,True
full,SCF-LightGCN+BGE,Graph+BGE,Head,Recall@5,1487,0.7538458287785793,0.6612320144768026,0.09261381430177665,14.006250797620105,0.07823401190625467,0.10681144173536575,34385.5,3.809496079190462e-35,0.5918392782954478,0.28917283120376597,0.6099529253530599,1.676178274843803e-33,7.618992158380924e-34,***,True
full,SCF-LightGCN+BGE,Graph+BGE,Head,NDCG@5,1487,0.7357821714911215,0.609020335619121,0.12676183587200063,20.814056355464132,0.11390989062461263,0.13998569667149202,79132.5,3.9611666430931955e-76,0.6773690487111275,0.527236045729657,0.33422999327505043,1.82213665582287e-74,8.71456661480503e-75,***,True
full,SCF-LightGCN+BGE,Graph+BGE,Head,MAP@5,1487,0.685548270193529,0.5477773419014172,0.13777092829211188,25.150899417250145,0.12432535835263644,0.15146978909810954,72499.0,1.5335443463300872e-81,0.7026157866023488,0.5238735709482178,0.3362474781439139,7.361012862384419e-80,3.6805064311922094e-80,***,True
full,SCF-LightGCN+BGE,Graph+BGE,Head,Recall@10,1487,0.802793590024592,0.740284684425572,0.06250890559901993,8.443900963252274,0.048380185802008265,0.07679846205737263,35520.0,1.783903038467445e-16,0.4259533102227825,0.2246133154001345,0.6657700067249496,6.422050938482802e-15,2.3190739500076785e-15,***,True
full,SCF-LightGCN+BGE,Graph+BGE,Head,NDCG@10,1487,0.7524879918388112,0.6375070554576817,0.1149809363811296,18.036025703053905,0.10286073569479565,0.12734522804460327,97238.5,6.996509315592636e-72,0.6414251762202666,0.5460659045057162,0.29993275050437124,3.148429192016686e-70,1.4692669562744535e-70,***,True
full,SCF-LightGCN+BGE,Graph+BGE,Head,MAP@10,1487,0.6936381181840839,0.5617824519904852,0.13185566619359892,23.47094782444934,0.11852720582507455,0.14507536759753592,86638.0,3.0146764468079928e-80,0.6792848152809654,0.5453934095494284,0.3012777404169469,1.4168979299997567e-78,6.933755827658384e-79,***,True
full,SCF-LightGCN+BGE,Graph+BGE,Middle,Recall@5,237,0.4229254571026724,0.06118143459915612,0.3617440225035161,591.2643678160919,0.3043600562587905,0.41983122362869196,0.0,3.180041196532166e-20,1.0,0.43037974683544306,0.569620253164557,1.2720164786128664e-18,5.088065914451466e-19,***,True
full,SCF-LightGCN+BGE,Graph+BGE,Middle,NDCG@5,237,0.2949669767604485,0.04029479952191634,0.25467217723853214,632.0224452289829,0.21151829620030535,0.29813139680051615,33.0,9.244922337006973e-20,0.9895701643489254,0.45147679324894513,0.5274261603375527,3.6055197114327196e-18,1.3867383505510459e-18,***,True
full,SCF-LightGCN+BGE,Graph+BGE,Middle,MAP@5,237,0.24768479449914046,0.03333333333333333,0.2143514611658071,643.0543834974213,0.17409319815596183,0.2549314150648539,70.0,2.456365908390112e-19,0.9778761061946902,0.45147679324894513,0.5274261603375527,9.334190451882426e-18,3.438912271746157e-18,***,True
full,SCF-LightGCN+BGE,Graph+BGE,Middle,Recall@10,237,0.5260196905766525,0.09563994374120956,0.43037974683544306,450.0000000000001,0.37341772151898733,0.48945147679324896,8.5,7.45840120246162e-24,0.9978752655918011,0.5274261603375527,0.46835443037974683,3.13252850503388e-22,1.3425122164430914e-22,***,True
full,SCF-LightGCN+BGE,Graph+BGE,Middle,NDCG@10,237,0.32987929837001445,0.051503117578202216,0.2783761807918122,540.5035537297844,0.2384613827762212,0.3197234287890733,54.0,4.617528262780154e-24,0.9889003083247687,0.5611814345991561,0.41350210970464135,1.9855371529954663e-22,8.773303699282293e-23,***,True
full,SCF-LightGCN+BGE,Graph+BGE,Middle,MAP@10,237,0.2628217392598546,0.037856082423592965,0.22496565683626163,594.2655510916173,0.18695804124900467,0.2639918927994701,142.5,3.028430771632941e-23,0.9707091469681398,0.5611814345991561,0.41350210970464135,1.2416566163695057e-21,5.148332311776e-22,***,True
full,SCF-LightGCN+BGE,Graph+BGE,Tail,Recall@5,110,0.3181818181818182,0.012121212121212121,0.3060606060606061,2525.0000000000005,0.22878787878787876,0.38636363636363635,0.0,8.321758356284697e-09,1.0,0.37272727272727274,0.6272727272727273,1.5811340876940924e-07,4.1608791781423484e-08,***,True
full,SCF-LightGCN+BGE,Graph+BGE,Tail,NDCG@5,110,0.22131235753673567,0.005297593707216145,0.21601476382951953,4077.601563428201,0.1583415748706195,0.2774862757256534,0.0,2.306039495502046e-08,1.0,0.37272727272727274,0.6272727272727273,4.1242419828304555e-07,9.164982184067679e-08,***,True
full,SCF-LightGCN+BGE,Graph+BGE,Tail,MAP@5,110,0.18237373737373735,0.003131313131313131,0.17924242424242426,5724.1935483870975,0.12567992424242427,0.23873800505050505,0.0,2.2912455460169197e-08,1.0,0.37272727272727274,0.6272727272727273,4.1242419828304555e-07,9.164982184067679e-08,***,True
full,SCF-LightGCN+BGE,Graph+BGE,Tail,Recall@10,110,0.4106060606060606,0.012121212121212121,0.39848484848484844,3287.5,0.3121212121212121,0.4893939393939393,0.0,1.0080655274165298e-10,1.0,0.43636363636363634,0.5636363636363636,2.8225834767662836e-09,1.1088720801581829e-09,***,True
full,SCF-LightGCN+BGE,Graph+BGE,Tail,NDCG@10,110,0.2527683160944375,0.005297593707216145,0.24747072238722143,4671.379801175162,0.18667835339379116,0.3107370077726846,0.0,1.573503738927305e-09,1.0,0.43636363636363634,0.5636363636363636,3.6163851321720935e-08,1.2578730894511628e-08,***,True
full,SCF-LightGCN+BGE,Graph+BGE,Tail,MAP@10,110,0.19786796536796536,0.003131313131313131,0.19473665223665226,6219.009216589863,0.14017896224146226,0.2540169552669551,0.0,1.5723413618139536e-09,1.0,0.43636363636363634,0.5636363636363636,3.6163851321720935e-08,1.2578730894511628e-08,***,True
full,SCF-LightGCN+BGE,Graph+BGE,Unseen,Recall@5,144,0.24224537037037036,0.0,0.24224537037037036,24224537037037.035,0.17546296296296296,0.31342592592592594,0.0,4.14582536497604e-09,1.0,0.2569444444444444,0.7430555555555556,8.706233266449683e-08,2.487495218985624e-08,***,True
full,SCF-LightGCN+BGE,Graph+BGE,Unseen,NDCG@5,144,0.15225477317288638,0.0,0.15225477317288638,15225477317288.639,0.10685536099684614,0.19979342205462158,0.0,1.1103930025090097e-07,1.0,0.2569444444444444,0.7430555555555556,1.772211422893446e-06,2.2152642786168075e-07,***,True
full,SCF-LightGCN+BGE,Graph+BGE,Unseen,MAP@5,144,0.12080632716049383,0.0,0.12080632716049383,12080632716049.383,0.08271604938271605,0.16290518904320989,0.0,1.1076321393084037e-07,1.0,0.2569444444444444,0.7430555555555556,1.772211422893446e-06,2.2152642786168075e-07,***,True
full,SCF-LightGCN+BGE,Graph+BGE,Unseen,Recall@10,144,0.3462962962962963,0.0,0.3462962962962963,34629629629629.633,0.27222222222222225,0.4222222222222223,0.0,3.641176890352229e-12,1.0,0.3680555555555556,0.6319444444444444,1.1287648360091909e-10,4.369412268422675e-11,***,True
full,SCF-LightGCN+BGE,Graph+BGE,Unseen,NDCG@10,144,0.18808165046500122,0.0,0.18808165046500122,18808165046500.12,0.143460122684211,0.23538779953894648,0.0,2.3530859990444224e-10,1.0,0.3680555555555556,0.6319444444444444,6.3443775635446235e-09,2.34976946797949e-09,***,True
full,SCF-LightGCN+BGE,Graph+BGE,Unseen,MAP@10,144,0.13595137051734274,0.0,0.13595137051734274,13595137051734.273,0.09774902401161083,0.17847258965314522,0.0,2.34976946797949e-10,1.0,0.3680555555555556,0.6319444444444444,6.3443775635446235e-09,2.34976946797949e-09,***,True
strict_clean,SCF-LightGCN+BGE,Inductive LightGCN,Head,Recall@5,808,0.7124130224377748,0.7192327417265535,-0.006819719288778694,-0.9481936643217358,-0.020151419760794757,0.006923520104986682,6495.5,0.09301547646953842,-0.14673234811165844,0.07797029702970297,0.7846534653465347,0.09301547646953842,0.09301547646953842,ns,False
strict_clean,SCF-LightGCN+BGE,Inductive LightGCN,Head,NDCG@5,808,0.6900976356530689,0.7004370511707189,-0.010339415517649737,-1.4761377200661092,-0.020242200107164283,-0.00014472525230367937,14496.5,0.0023316431968112635,-0.21334382461471674,0.13613861386138615,0.6646039603960396,0.03465334401640224,0.02391871617847976,*,True
strict_clean,SCF-LightGCN+BGE,Inductive LightGCN,Head,MAP@5,808,0.642304959662633,0.6530764118078476,-0.010771452145214518,-1.649340253370499,-0.020834616795012837,-0.0009109770352035252,14434.5,0.002663720456963215,-0.2109061090610906,0.13366336633663367,0.6658415841584159,0.03465334401640224,0.02391871617847976,*,True
strict_clean,SCF-LightGCN+BGE,Inductive LightGCN,Head,Recall@10,808,0.7641802132365252,0.7747894186167701,-0.010609205380244985,-1.369301790309111,-0.024066250002976484,0.0030939014231093336,6581.0,0.0189721281728459,-0.2008985489648473,0.08292079207920793,0.775990099009901,0.04547569166033837,0.0379442563456918,*,False
strict_clean,SCF-LightGCN+BGE,Inductive LightGCN,Head,NDCG@10,808,0.707341900696326,0.7184001964575372,-0.011058295761211118,-1.5392946460399173,-0.020307926318052224,-0.0016026791047896792,18913.5,0.0013615144887463627,-0.21020983401190102,0.16212871287128713,0.6175742574257426,0.02586877528618089,0.017958298713249193,*,True
strict_clean,SCF-LightGCN+BGE,Inductive LightGCN,Head,MAP@10,808,0.6498017237889226,0.6605875509544057,-0.01078582716548299,-1.6327627049434716,-0.020411832963784612,-0.0012006528820694361,18926.5,0.0018632718603532907,-0.20453494725339386,0.16212871287128713,0.6188118811881188,0.03353889348635923,0.022359262324239487,*,True
strict_clean,SCF-LightGCN+BGE,Inductive LightGCN,Middle,Recall@5,107,0.2015576323987539,0.09553478712357216,0.10602284527518173,110.97826086956523,0.04984423676012461,0.16936656282450677,27.5,0.0011493990565828681,0.782608695652174,0.16822429906542055,0.794392523364486,0.02413738018824023,0.01724098584874302,*,True
strict_clean,SCF-LightGCN+BGE,Inductive LightGCN,Middle,NDCG@5,107,0.12475585311478261,0.06294260131214215,0.06181325180264048,98.20574700447945,0.02971554516615679,0.09760711678509155,47.0,0.0006447811811636791,0.7513227513227513,0.19626168224299065,0.7476635514018691,0.015474748347928297,0.011606061260946224,*,True
strict_clean,SCF-LightGCN+BGE,Inductive LightGCN,Middle,MAP@5,107,0.09565074420214606,0.050951886465905157,0.04469885773624091,87.72758152173913,0.018414416753201795,0.07381035825545168,55.0,0.0012827356223749423,0.708994708994709,0.19626168224299065,0.7476635514018691,0.025654712447498847,0.017958298713249193,*,True
strict_clean,SCF-LightGCN+BGE,Inductive LightGCN,Middle,Recall@10,107,0.2751817237798546,0.16900311526479753,0.10617860851505712,62.826420890937015,0.04127725856697819,0.17472092419522317,77.0,0.0022426385088084727,0.6459770114942529,0.19626168224299065,0.7289719626168224,0.03465334401640224,0.02391871617847976,*,True
strict_clean,SCF-LightGCN+BGE,Inductive LightGCN,Middle,NDCG@10,107,0.14978260732635,0.0879791405634802,0.06180346676286975,70.24786371750956,0.02968692248389676,0.09623231048471341,140.5,0.0004979500167423025,0.6397435897435897,0.2523364485981308,0.6355140186915887,0.014287398688558602,0.009980012664514346,*,True
strict_clean,SCF-LightGCN+BGE,Inductive LightGCN,Middle,MAP@10,107,0.10580007911783612,0.06110616624635316,0.04469391287148296,73.14141209791623,0.01933649392605779,0.07287125632530617,151.5,0.0008734995031086202,0.6115384615384616,0.2616822429906542,0.6355140186915887,0.019216989068389645,0.013975992049737923,*,True
strict_clean,SCF-LightGCN+BGE,Inductive LightGCN,Tail,Recall@5,53,0.1792452830188679,0.03773584905660377,0.14150943396226415,375.0,0.06289308176100629,0.23270440251572325,0.0,0.004455352355471741,1.0,0.18867924528301888,0.8113207547169812,0.03465334401640224,0.02391871617847976,*,True
strict_clean,SCF-LightGCN+BGE,Inductive LightGCN,Tail,NDCG@5,53,0.12474929425008936,0.025306408894879433,0.09944288535520991,392.95534095053466,0.045168616913186785,0.16039155013820525,0.0,0.0021744287434981597,1.0,0.22641509433962265,0.7735849056603774,0.03465334401640224,0.02391871617847976,*,True
strict_clean,SCF-LightGCN+BGE,Inductive LightGCN,Tail,MAP@5,53,0.10251572327044026,0.020964360587002098,0.08155136268343816,388.99999999999994,0.03532494758909853,0.13595387840670858,0.0,0.0021744287434981597,1.0,0.22641509433962265,0.7735849056603774,0.03465334401640224,0.02391871617847976,*,True
strict_clean,SCF-LightGCN+BGE,Inductive LightGCN,Tail,Recall@10,53,0.29245283018867924,0.05974842767295598,0.23270440251572327,389.4736842105263,0.1289308176100629,0.3427672955974843,0.0,0.0006772921726461462,1.0,0.2641509433962264,0.7358490566037735,0.015577719970861362,0.011606061260946224,*,True
strict_clean,SCF-LightGCN+BGE,Inductive LightGCN,Tail,NDCG@10,53,0.1627338459876985,0.03300561352070388,0.1297282324669946,393.0489956977113,0.07300844877779536,0.19483999060200966,0.0,0.0004339135941093194,1.0,0.3018867924528302,0.6981132075471698,0.014287398688558602,0.009980012664514346,*,True
strict_clean,SCF-LightGCN+BGE,Inductive LightGCN,Tail,MAP@10,53,0.12029300189677548,0.023737978769425308,0.09655502312735018,406.75334688441865,0.049800339422980934,0.1526010781671159,0.0,0.0004339135941093194,1.0,0.3018867924528302,0.6981132075471698,0.014287398688558602,0.009980012664514346,*,True
strict_clean,SCF-LightGCN+BGE,Inductive LightGCN,Unseen,Recall@5,73,0.1232876712328767,0.0,0.1232876712328767,12328767123287.672,0.0547945205479452,0.2054794520547945,0.0,0.0026997960632601866,1.0,0.1232876712328767,0.8767123287671232,0.03465334401640224,0.02391871617847976,*,True
strict_clean,SCF-LightGCN+BGE,Inductive LightGCN,Unseen,NDCG@5,73,0.07939134605375221,0.0,0.07939134605375221,7939134605375.222,0.03276018179240573,0.13403184365865492,0.0,0.0075792819433897285,1.0,0.1232876712328767,0.8767123287671232,0.04547569166033837,0.030317127773558914,*,True
strict_clean,SCF-LightGCN+BGE,Inductive LightGCN,Unseen,MAP@5,73,0.06461187214611873,0.0,0.06461187214611873,6461187214611.873,0.023972602739726026,0.11255707762557078,0.0,0.0075792819433897285,1.0,0.1232876712328767,0.8767123287671232,0.04547569166033837,0.030317127773558914,*,True
strict_clean,SCF-LightGCN+BGE,Inductive LightGCN,Unseen,Recall@10,73,0.20684931506849313,0.0,0.20684931506849313,20684931506849.312,0.1232876712328767,0.3027397260273973,0.0,9.616588268883476e-05,1.0,0.2191780821917808,0.7808219178082192,0.003461971776798051,0.0023079811845320344,**,True
strict_clean,SCF-LightGCN+BGE,Inductive LightGCN,Unseen,NDCG@10,73,0.10757432826581548,0.0,0.10757432826581548,10757432826581.547,0.05839042749505459,0.16328368897190682,0.0,0.0004358423668112835,1.0,0.2191780821917808,0.7808219178082192,0.014287398688558602,0.009980012664514346,*,True
strict_clean,SCF-LightGCN+BGE,Inductive LightGCN,Unseen,MAP@10,73,0.0763499311444517,0.0,0.0763499311444517,7634993114445.169,0.03620737297963326,0.12619577625570774,0.0,0.0004358423668112835,1.0,0.2191780821917808,0.7808219178082192,0.014287398688558602,0.009980012664514346,*,True
strict_clean,SCF-LightGCN+BGE,Graph+BGE,Head,Recall@5,808,0.7124130224377748,0.6342233879981405,0.07818963443963445,12.328406034730415,0.057946772355807016,0.0984373117371261,11003.5,1.815102497583034e-15,0.5253019844693702,0.2685643564356436,0.6237623762376238,7.98645098936535e-14,3.6302049951660684e-14,***,True
strict_clean,SCF-LightGCN+BGE,Graph+BGE,Head,NDCG@5,808,0.6900976356530689,0.5626599730919194,0.12743766256114955,22.649143115842467,0.10959783273754371,0.1452542434768712,26706.0,4.670691074982635e-43,0.6671340699609251,0.5544554455445545,0.2995049504950495,2.1485178944920122e-41,1.0275520364961798e-41,***,True
strict_clean,SCF-LightGCN+BGE,Graph+BGE,Head,MAP@5,808,0.642304959662633,0.5030795058672535,0.13922545379537954,27.674642312326007,0.12136169267968465,0.15682218039512288,23213.5,2.0576998857458007e-48,0.7096407017104975,0.5507425742574258,0.30074257425742573,9.876959451579843e-47,4.938479725789922e-47,***,True
strict_clean,SCF-LightGCN+BGE,Graph+BGE,Head,Recall@10,808,0.7641802132365252,0.7194578392134086,0.044722374023116594,6.216121582886924,0.025519444801623024,0.06446333100571963,11682.5,1.3179949270982426e-05,0.31137636310050104,0.2004950495049505,0.6782178217821783,0.00048765812302634977,0.00017133934052277153,***,True
strict_clean,SCF-LightGCN+BGE,Graph+BGE,Head,NDCG@10,808,0.707341900696326,0.5931839484211154,0.11415795227521063,19.24494966174762,0.0977862520891337,0.13087358548057668,32352.0,2.59535650911877e-41,0.636302316953897,0.5779702970297029,0.2623762376237624,1.1679104291034466e-39,5.4502486691494175e-40,***,True
strict_clean,SCF-LightGCN+BGE,Graph+BGE,Head,MAP@10,808,0.6498017237889226,0.5170348250457133,0.13276689874320954,25.6785215060651,0.11531243568172364,0.1507241207912659,27485.5,5.603835410233649e-48,0.6889285006932065,0.5717821782178217,0.26485148514851486,2.6338026428098152e-46,1.2888821443537394e-46,***,True
strict_clean,SCF-LightGCN+BGE,Graph+BGE,Middle,Recall@5,107,0.2015576323987539,0.006230529595015576,0.1953271028037383,3135.0,0.12523364485981306,0.2700934579439252,0.0,3.4270591622147424e-06,1.0,0.24299065420560748,0.7570093457943925,0.0001370823664885897,5.483294659543588e-05,***,True
strict_clean,SCF-LightGCN+BGE,Graph+BGE,Middle,NDCG@5,107,0.12475585311478261,0.002899303919231754,0.12185654919555088,4202.958799429345,0.07691108309816691,0.17285880908965437,0.0,5.5583674185895106e-06,1.0,0.2523364485981308,0.7476635514018691,0.0002167763293249909,8.337551127884266e-05,***,True
strict_clean,SCF-LightGCN+BGE,Graph+BGE,Middle,MAP@5,107,0.09565074420214606,0.0018172377985462096,0.09383350640359985,5163.523809523809,0.05568873312564901,0.1383739183108342,0.0,5.5583674185895106e-06,1.0,0.2523364485981308,0.7476635514018691,0.0002167763293249909,8.337551127884266e-05,***,True
strict_clean,SCF-LightGCN+BGE,Graph+BGE,Middle,Recall@10,107,0.2751817237798546,0.02336448598130841,0.2518172377985462,1077.7777777777778,0.17860851505711323,0.3302180685358255,5.5,9.225159357808987e-08,0.984352773826458,0.3364485981308411,0.6542056074766355,3.966818523857864e-06,1.7527802779837075e-06,***,True
strict_clean,SCF-LightGCN+BGE,Graph+BGE,Middle,NDCG@10,107,0.14978260732635,0.008412916985329408,0.14136969034102057,1680.3885095686016,0.09724343522366338,0.1896586690852117,4.0,1.062405278304763e-07,0.9892037786774629,0.34579439252336447,0.6448598130841121,4.462102168880004e-06,1.9123295009485733e-06,***,True
strict_clean,SCF-LightGCN+BGE,Graph+BGE,Middle,MAP@10,107,0.10580007911783612,0.003975671265390892,0.10182440785244522,2561.187810945273,0.0629532215793898,0.1454173156801661,4.0,1.062405278304763e-07,0.9892037786774629,0.34579439252336447,0.6448598130841121,4.462102168880004e-06,1.9123295009485733e-06,***,True
strict_clean,SCF-LightGCN+BGE,Graph+BGE,Tail,Recall@5,53,0.1792452830188679,0.012578616352201257,0.16666666666666669,1325.0000000000002,0.08176100628930817,0.2610062893081761,0.0,0.0019098692900961739,1.0,0.22641509433962265,0.7735849056603774,0.03353889348635923,0.011459215740577042,*,True
strict_clean,SCF-LightGCN+BGE,Graph+BGE,Tail,NDCG@5,53,0.12474929425008936,0.0058533116859961825,0.11889598256409316,2031.2600616937434,0.05560467607685605,0.19145838872934648,0.0,0.00216583400102514,1.0,0.22641509433962265,0.7735849056603774,0.03465334401640224,0.011459215740577042,*,True
strict_clean,SCF-LightGCN+BGE,Graph+BGE,Tail,MAP@5,53,0.10251572327044026,0.003668763102725366,0.09884696016771488,2694.2857142857147,0.04077568134171908,0.1689727463312369,0.0,0.00216583400102514,1.0,0.22641509433962265,0.7735849056603774,0.03465334401640224,0.011459215740577042,*,True
strict_clean,SCF-LightGCN+BGE,Graph+BGE,Tail,Recall@10,53,0.29245283018867924,0.012578616352201257,0.279874213836478,2225.0,0.16666666666666669,0.4025157232704402,0.0,0.00017556014214930018,1.0,0.3018867924528302,0.6981132075471698,0.005969044833076206,0.001931161563642302,**,True
strict_clean,SCF-LightGCN+BGE,Graph+BGE,Tail,NDCG@10,53,0.1627338459876985,0.0058533116859961825,0.1568805343017023,2680.2012726749676,0.087645407221509,0.2329625246136946,0.0,0.00043295147541086676,1.0,0.3018867924528302,0.6981132075471698,0.014287398688558602,0.0043295147541086675,*,True
strict_clean,SCF-LightGCN+BGE,Graph+BGE,Tail,MAP@10,53,0.12029300189677548,0.003668763102725366,0.11662423879405012,3178.8435374149667,0.058293089248277925,0.18591201207946487,0.0,0.00043295147541086676,1.0,0.3018867924528302,0.6981132075471698,0.014287398688558602,0.0043295147541086675,*,True
strict_clean,SCF-LightGCN+BGE,Graph+BGE,Unseen,Recall@5,73,0.1232876712328767,0.0,0.1232876712328767,12328767123287.672,0.0547945205479452,0.2054794520547945,0.0,0.0026997960632601866,1.0,0.1232876712328767,0.8767123287671232,0.03465334401640224,0.011459215740577042,*,True
strict_clean,SCF-LightGCN+BGE,Graph+BGE,Unseen,NDCG@5,73,0.07939134605375221,0.0,0.07939134605375221,7939134605375.222,0.034140861229017036,0.13438106424308788,0.0,0.0075792819433897285,1.0,0.1232876712328767,0.8767123287671232,0.04547569166033837,0.015158563886779457,*,True
strict_clean,SCF-LightGCN+BGE,Graph+BGE,Unseen,MAP@5,73,0.06461187214611873,0.0,0.06461187214611873,6461187214611.873,0.02465753424657534,0.11400494672754945,0.0,0.0075792819433897285,1.0,0.1232876712328767,0.8767123287671232,0.04547569166033837,0.015158563886779457,*,True
strict_clean,SCF-LightGCN+BGE,Graph+BGE,Unseen,Recall@10,73,0.20684931506849313,0.0,0.20684931506849313,20684931506849.312,0.1232876712328767,0.3027397260273973,0.0,9.616588268883476e-05,1.0,0.2191780821917808,0.7808219178082192,0.003461971776798051,0.0011539905922660172,**,True
strict_clean,SCF-LightGCN+BGE,Graph+BGE,Unseen,NDCG@10,73,0.10757432826581548,0.0,0.10757432826581548,10757432826581.547,0.0581701475371054,0.16461896354019143,0.0,0.0004358423668112835,1.0,0.2191780821917808,0.7808219178082192,0.014287398688558602,0.0043295147541086675,*,True
strict_clean,SCF-LightGCN+BGE,Graph+BGE,Unseen,MAP@10,73,0.0763499311444517,0.0,0.0763499311444517,7634993114445.169,0.03575926831919982,0.12621416793505832,0.0,0.0004358423668112835,1.0,0.2191780821917808,0.7808219178082192,0.014287398688558602,0.0043295147541086675,*,True
