subset,method_a,method_b,metric,num_mashups,mean_a,mean_b,mean_difference,bootstrap_ci_low,bootstrap_ci_high,wilcoxon_statistic,p_raw,rank_biserial,method_a_win_rate,tie_rate,p_holm,significance,ci_excludes_zero
full,Inductive LightGCN,Graph+BGE,Recall@5,1645,0.6681998311667887,0.57219438670619,0.09600544446059865,0.0814955201599091,0.11003608745030843,44391.0,4.334023916758024e-40,0.5942154841835359,0.3069908814589666,0.5981762917933131,4.334023916758024e-39,***,True
full,Inductive LightGCN,Graph+BGE,NDCG@5,1645,0.6601341360263601,0.5346694408829059,0.12546469514345407,0.11230256455863992,0.1386636053309752,106227.5,1.503164659149969e-71,0.6305952761819977,0.505775075987842,0.34832826747720363,2.2547469887249534e-70,***,True
full,Inductive LightGCN,Graph+BGE,MAP@5,1645,0.609807497467072,0.4742731059326804,0.13553439153439154,0.12191088174040302,0.14918348530901723,97312.5,4.682144944304185e-77,0.6571360621515208,0.49969604863221884,0.3525835866261398,7.959646405317114e-76,***,True
full,Inductive LightGCN,Graph+BGE,Recall@10,1645,0.7199206220611144,0.6419604277362535,0.07796019432486098,0.06384268828822577,0.09226827612626826,46222.0,2.2855479469475154e-27,0.5055571601253704,0.26869300911854105,0.6285714285714286,1.8284383575580123e-26,***,True
full,Inductive LightGCN,Graph+BGE,NDCG@10,1645,0.6768596744546572,0.5591070931361808,0.11775258131847648,0.10517982251054393,0.1304726922452851,121505.0,5.110787492584281e-73,0.6203834750197611,0.5319148936170213,0.31246200607902735,8.17725998813485e-72,***,True
full,Inductive LightGCN,Graph+BGE,MAP@10,1645,0.6170662045748165,0.48554154155189033,0.13152466302292615,0.11816255878256589,0.14515755917408807,113861.0,2.1877386396950663e-78,0.6436359083902569,0.5282674772036474,0.3130699088145897,3.9379295514511196e-77,***,True
full,Inductive BPR-MF,Graph+BGE,Recall@5,1645,0.6523010209822643,0.57219438670619,0.08010663427607419,0.06596804307227908,0.09440812639226916,49035.0,2.3277044091904267e-30,0.5218896255850234,0.2826747720364742,0.6109422492401215,2.0949339682713842e-29,***,True
full,Inductive BPR-MF,Graph+BGE,NDCG@5,1645,0.6506183768207416,0.5346694408829059,0.11594893593783576,0.10279249385887838,0.12925923101800113,111043.5,1.4186082034991286e-63,0.5990326389565933,0.48145896656534953,0.36048632218844984,1.7023298441989544e-62,***,True
full,Inductive BPR-MF,Graph+BGE,MAP@5,1645,0.6018887200270179,0.4742731059326804,0.1276156140943375,0.11353990628166159,0.1416610984464708,101845.5,5.740692263359269e-70,0.6301402696445595,0.478419452887538,0.36231003039513676,8.036969168702978e-69,***,True
full,Inductive BPR-MF,Graph+BGE,Recall@10,1645,0.6982915477632377,0.6419604277362535,0.056331120026984094,0.04269398934002009,0.06953286843951367,51320.0,2.596349236310007e-17,0.4032245873330581,0.23951367781155014,0.6437689969604863,1.817444465417005e-16,***,True
full,Inductive BPR-MF,Graph+BGE,NDCG@10,1645,0.6652096402902452,0.5591070931361808,0.10610254715406439,0.093471423716244,0.11889485972317373,129575.0,3.379597988555157e-62,0.5774347033482369,0.5009118541033435,0.3270516717325228,3.717557787410672e-61,***,True
full,Inductive BPR-MF,Graph+BGE,MAP@10,1645,0.6084375099077117,0.48554154155189033,0.12289596835582145,0.10954630113288702,0.13627898933218638,118541.0,1.5979770944862315e-69,0.61201836138545,0.4990881458966565,0.3282674772036474,2.077370222832101e-68,***,True
full,Inductive LightGCN,Inductive BPR-MF,Recall@5,1645,0.6681998311667887,0.6523010209822643,0.015898810184524468,0.009428800584195722,0.022385576345302787,12158.0,8.239931476092363e-06,0.3152544282053448,0.09787234042553192,0.8382978723404255,4.1199657380461816e-05,***,True
full,Inductive LightGCN,Inductive BPR-MF,NDCG@5,1645,0.6601341360263601,0.6506183768207416,0.00951575920561831,0.004296745546692182,0.014743706585517406,54315.5,0.0028426547994546787,0.15311333037085545,0.16717325227963525,0.6924012158054711,0.005685309598909357,**,True
full,Inductive LightGCN,Inductive BPR-MF,MAP@5,1645,0.609807497467072,0.6018887200270179,0.007918777440054038,0.002568754925137904,0.013619758246088035,55460.5,0.010256979529644807,0.13183579227487965,0.16595744680851063,0.6930091185410334,0.010256979529644807,*,True
full,Inductive LightGCN,Inductive BPR-MF,Recall@10,1645,0.7199206220611144,0.6982915477632377,0.02162907429787689,0.014366013600382022,0.0291739761007949,16800.5,7.14838121978223e-09,0.3695990694358455,0.12401215805471125,0.8018237082066869,4.289028731869338e-08,***,True
full,Inductive LightGCN,Inductive BPR-MF,NDCG@10,1645,0.6768596744546572,0.6652096402902452,0.01165003416441209,0.006732131823757797,0.01673869544489317,77581.5,2.1916312415892837e-05,0.1965919505413424,0.20972644376899696,0.6224924012158055,8.766524966357135e-05,***,True
full,Inductive LightGCN,Inductive BPR-MF,MAP@10,1645,0.6170662045748165,0.6084375099077117,0.008628694667104713,0.003422486683141869,0.013854289688219468,81546.0,0.0007849293621739984,0.15553691535796946,0.2066869300911854,0.6224924012158055,0.0023547880865219953,**,True
deduplicated,Inductive LightGCN,Graph+BGE,Recall@5,1550,0.6536045178662244,0.5747569407710804,0.07884757709514398,0.06495569319053512,0.09271312074523495,41213.0,1.612298512578088e-29,0.5335653453300512,0.2832258064516129,0.6167741935483871,1.612298512578088e-28,***,True
deduplicated,Inductive LightGCN,Graph+BGE,NDCG@5,1550,0.6440336312591369,0.5359737066252113,0.10805992463392569,0.09534000904536398,0.12107061680296091,101016.5,3.3623289005363556e-57,0.5856396309923746,0.48258064516129034,0.3632258064516129,5.043493350804533e-56,***,True
deduplicated,Inductive LightGCN,Graph+BGE,MAP@5,1550,0.5920043010752688,0.4766991636798088,0.11530513739545997,0.10219954151732377,0.12894700418160093,93204.0,6.428580758841983e-62,0.6122074517880547,0.4761290322580645,0.36774193548387096,1.0928587290031372e-60,***,True
deduplicated,Inductive LightGCN,Graph+BGE,Recall@10,1550,0.7073207748827814,0.6457728512897761,0.0615479235930053,0.04760447753455343,0.07576052258302365,42841.0,1.5214945748127612e-18,0.4324755754263951,0.24580645161290324,0.6458064516129032,1.2171956598502089e-17,***,True
deduplicated,Inductive LightGCN,Graph+BGE,NDCG@10,1550,0.6617694780746058,0.5609360037664324,0.1008334743081736,0.08860948053194365,0.11295165608800574,115811.5,8.666743527158646e-59,0.577006872042675,0.5103225806451613,0.3251612903225806,1.3866789643453834e-57,***,True
deduplicated,Inductive LightGCN,Graph+BGE,MAP@10,1550,0.5998239887352791,0.4882042831947593,0.11161970554051968,0.09872225041280948,0.12430096321000522,109572.5,3.6594497006527833e-63,0.5990284245290787,0.5064516129032258,0.3258064516129032,6.58700946117501e-62,***,True
deduplicated,Inductive BPR-MF,Graph+BGE,Recall@5,1550,0.6368818021112506,0.5747569407710804,0.06212486134017015,0.048373138720493654,0.07586926685329771,45306.0,1.139969170555144e-20,0.4490030465001733,0.2574193548387097,0.6303225806451613,1.0259722534996296e-19,***,True
deduplicated,Inductive BPR-MF,Graph+BGE,NDCG@5,1550,0.6335474484942032,0.5359737066252113,0.09757374186899194,0.08435466585653534,0.11104945873431692,105436.0,1.413300920555092e-49,0.5494457596554052,0.4567741935483871,0.3761290322580645,1.6959611046661104e-48,***,True
deduplicated,Inductive BPR-MF,Graph+BGE,MAP@5,1550,0.583086678614098,0.4766991636798088,0.10638751493428913,0.09313650836320192,0.11971933841099164,97589.5,5.97020778088845e-55,0.5803775288628985,0.4535483870967742,0.37806451612903225,8.358290893243831e-54,***,True
deduplicated,Inductive BPR-MF,Graph+BGE,Recall@10,1550,0.684403682052669,0.6457728512897761,0.038630830762892955,0.02561861254944594,0.05151439968230382,47684.0,1.152895167996136e-09,0.30666666666666664,0.21483870967741936,0.6619354838709678,8.070266175972952e-09,***,True
deduplicated,Inductive BPR-MF,Graph+BGE,NDCG@10,1550,0.6489562665043533,0.5609360037664324,0.08802026273792113,0.07588986190194112,0.0999804839443393,123601.0,2.87139114955886e-48,0.5271151002481095,0.4774193548387097,0.3406451612903226,3.158530264514746e-47,***,True
deduplicated,Inductive BPR-MF,Graph+BGE,MAP@10,1550,0.5900735871349735,0.4882042831947593,0.10186930394021407,0.08911510780626468,0.11517309245696486,114199.5,2.1029883848266205e-54,0.5613700524284151,0.4754838709677419,0.3419354838709677,2.7338849002746065e-53,***,True
deduplicated,Inductive LightGCN,Inductive BPR-MF,Recall@5,1550,0.6536045178662244,0.6368818021112506,0.01672271575497382,0.009869547865515608,0.023761540192185352,11717.5,1.0456445816023972e-05,0.3145857096896844,0.10193548387096774,0.8316129032258065,4.182578326409589e-05,***,True
deduplicated,Inductive LightGCN,Inductive BPR-MF,NDCG@5,1550,0.6440336312591369,0.6335474484942032,0.010486182764933776,0.0050829689102362225,0.016073166733724307,50239.0,0.0015794059871019116,0.16473668897294153,0.1735483870967742,0.6838709677419355,0.003158811974203823,**,True
deduplicated,Inductive LightGCN,Inductive BPR-MF,MAP@5,1550,0.5920043010752688,0.583086678614098,0.008917622461170848,0.003174649044205497,0.01483238201911589,51222.5,0.005495590450881212,0.14490213263219398,0.17290322580645162,0.6845161290322581,0.005495590450881212,**,True
deduplicated,Inductive LightGCN,Inductive BPR-MF,Recall@10,1550,0.7073207748827814,0.684403682052669,0.02291709283011236,0.015104574488601544,0.030829372267330582,16472.5,7.783060751747303e-09,0.37038948132859384,0.13096774193548388,0.7916129032258065,4.669836451048382e-08,***,True
deduplicated,Inductive LightGCN,Inductive BPR-MF,NDCG@10,1550,0.6617694780746058,0.6489562665043533,0.012813211570252465,0.007704384760099528,0.01811396150511407,72196.5,7.992505663881482e-06,0.20971484866728696,0.21935483870967742,0.6103225806451613,3.996252831940741e-05,***,True
deduplicated,Inductive LightGCN,Inductive BPR-MF,MAP@10,1550,0.5998239887352791,0.5900735871349735,0.009750401600305596,0.004176056379989273,0.015276680431780435,75812.0,0.00029152474265991044,0.17013847080072245,0.2161290322580645,0.6103225806451613,0.0008745742279797314,***,True
deduplicated_no_api_mention,Inductive LightGCN,Graph+BGE,Recall@5,893,0.6492118422409576,0.5649272108662136,0.08428463137474403,0.06556550055088525,0.1032530160821693,13280.5,2.993570532354815e-20,0.5675864875864876,0.2956326987681971,0.6080627099664053,2.993570532354815e-19,***,True
deduplicated_no_api_mention,Inductive LightGCN,Graph+BGE,NDCG@5,893,0.6401441066207296,0.5076147054352707,0.13252940118545886,0.11540105013569771,0.1505162702150106,29589.0,3.127314357207219e-47,0.6771786269536044,0.5498320268756999,0.322508398656215,4.690971535810829e-46,***,True
deduplicated_no_api_mention,Inductive LightGCN,Graph+BGE,MAP@5,893,0.593909626311642,0.45105760856040816,0.14285201775123388,0.12563131713740616,0.16094559796358507,25067.5,5.114436503509183e-53,0.7219356627842485,0.5453527435610303,0.3281075027995521,8.694542055965612e-52,***,True
deduplicated_no_api_mention,Inductive LightGCN,Graph+BGE,Recall@10,893,0.6998673578164388,0.6382246946587241,0.06164266315771488,0.04261812082978343,0.08108695414011269,13250.5,2.3914237978921404e-11,0.43946444435043786,0.23852183650615902,0.6562150055991042,1.9131390383137123e-10,***,True
deduplicated_no_api_mention,Inductive LightGCN,Graph+BGE,NDCG@10,893,0.655836286879523,0.5332495877270529,0.12258669915247015,0.10644566030255173,0.13887131949327183,33737.5,1.117592145999774e-47,0.6647954494647159,0.574468085106383,0.29003359462486,1.7881474335996384e-46,***,True
deduplicated_no_api_mention,Inductive LightGCN,Graph+BGE,MAP@10,893,0.5997622634346759,0.46208991358560764,0.13767234984906823,0.12055121041744432,0.15494776190159953,29230.5,7.482461810994035e-54,0.7086578856878019,0.5711086226203808,0.2911534154535274,1.3468431259789262e-52,***,True
deduplicated_no_api_mention,Inductive BPR-MF,Graph+BGE,Recall@5,893,0.6307026648851958,0.5649272108662136,0.06577545401898212,0.047014530534020355,0.08510139571659728,14614.5,2.257615439414041e-14,0.4806503198294243,0.26539753639417696,0.6248600223964166,2.031853895472637e-13,***,True
deduplicated_no_api_mention,Inductive BPR-MF,Graph+BGE,NDCG@5,893,0.6270546040308386,0.5076147054352707,0.11943989859556786,0.10204389778054294,0.1372655557088242,33722.0,2.0422073493808715e-39,0.6209009252076939,0.5139977603583427,0.3325867861142217,2.2464280843189587e-38,***,True
deduplicated_no_api_mention,Inductive BPR-MF,Graph+BGE,MAP@5,893,0.5820320600555762,0.45105760856040816,0.13097445149516815,0.11328040883828958,0.1492720853552321,29422.0,4.425991101700674e-45,0.6670118552471493,0.5117581187010078,0.3348264277715566,5.753788432210876e-44,***,True
deduplicated_no_api_mention,Inductive BPR-MF,Graph+BGE,Recall@10,893,0.6809219939926086,0.6382246946587241,0.04269729933388454,0.02576999594076862,0.05963927389759845,13910.0,1.4649543292502482e-07,0.3540897587704024,0.21500559910414332,0.671892497200448,1.0254680304751737e-06,***,True
deduplicated_no_api_mention,Inductive BPR-MF,Graph+BGE,NDCG@10,893,0.6426278219998118,0.5332495877270529,0.10937823427275896,0.09294164064654525,0.12594637829906433,37754.5,3.718439439513092e-40,0.612774358974359,0.5375139977603584,0.3012318029115342,4.46212732741571e-39,***,True
deduplicated_no_api_mention,Inductive BPR-MF,Graph+BGE,MAP@10,893,0.5882545544623501,0.46208991358560764,0.12616464087674248,0.10870241243764313,0.14347438115221964,33316.5,1.2256564068612022e-45,0.6560930669460602,0.5352743561030235,0.303471444568869,1.715918969605683e-44,***,True
deduplicated_no_api_mention,Inductive LightGCN,Inductive BPR-MF,Recall@5,893,0.6492118422409576,0.6307026648851958,0.0185091773557619,0.009466419716279737,0.028009871619194132,3895.0,0.0004135949444389748,0.3300653594771242,0.1019036954087346,0.8297872340425532,0.002481569666633849,**,True
deduplicated_no_api_mention,Inductive LightGCN,Inductive BPR-MF,NDCG@5,893,0.6401441066207296,0.6270546040308386,0.013089502589891003,0.006005252580565125,0.020238359459372694,12260.0,0.001090119086036006,0.23687404687062338,0.16349384098544234,0.7166853303471444,0.003510224658538585,**,True
deduplicated_no_api_mention,Inductive LightGCN,Inductive BPR-MF,MAP@5,893,0.593909626311642,0.5820320600555762,0.011877566256065699,0.004494807867778194,0.019373690950188708,12258.5,0.0014844286184069432,0.23091160047681786,0.1623740201567749,0.7178051511758119,0.003510224658538585,**,True
deduplicated_no_api_mention,Inductive LightGCN,Inductive BPR-MF,Recall@10,893,0.6998673578164388,0.6809219939926086,0.01894536382383033,0.008680727490506161,0.029548619675793444,6324.5,0.0008775561646346462,0.28040732734099444,0.12430011198208286,0.7905935050391937,0.003510224658538585,**,True
deduplicated_no_api_mention,Inductive LightGCN,Inductive BPR-MF,NDCG@10,893,0.655836286879523,0.6426278219998118,0.013208464879711182,0.006449604803903924,0.020279521369711312,19871.0,0.0004529796585667934,0.22620716510903427,0.20604703247480402,0.6416573348264277,0.002481569666633849,**,True
deduplicated_no_api_mention,Inductive LightGCN,Inductive BPR-MF,MAP@10,893,0.5997622634346759,0.5882545544623501,0.011507708972325746,0.004552368919620719,0.018708393166499596,20195.5,0.0009288978631983694,0.21357087227414331,0.2038073908174692,0.6416573348264277,0.003510224658538585,**,True
deduplicated_cosine_lt_099,Inductive LightGCN,Graph+BGE,Recall@5,1545,0.652699246618758,0.5742437485621411,0.07845549805661693,0.06457276346148912,0.09251187064145099,41047.5,4.4165550028869617e-29,0.530714089724242,0.2822006472491909,0.6174757281553398,4.416555002886962e-28,***,True
deduplicated_cosine_lt_099,Inductive LightGCN,Graph+BGE,NDCG@5,1545,0.6430009777400205,0.535334026262432,0.10766695147758848,0.09461913103784982,0.12069299405304641,100737.0,1.4753497283756614e-56,0.5834181078331638,0.4815533980582524,0.3637540453074434,2.213024592563492e-55,***,True
deduplicated_cosine_lt_099,Inductive LightGCN,Graph+BGE,MAP@5,1545,0.590886012225818,0.4761570178592832,0.11472899436653482,0.10160256052978546,0.12839429012345677,93003.0,3.23701989571242e-61,0.6098671074047352,0.47508090614886733,0.36828478964401296,5.502933822711113e-60,***,True
deduplicated_cosine_lt_099,Inductive LightGCN,Graph+BGE,Recall@10,1545,0.7065893426547861,0.644986067996575,0.061603274658211006,0.04780596856716493,0.0756119716648462,42744.0,1.8803161364945592e-18,0.43169398907103823,0.2459546925566343,0.6453074433656958,1.5042529091956474e-17,***,True
deduplicated_cosine_lt_099,Inductive LightGCN,Graph+BGE,NDCG@10,1545,0.6608511248738229,0.5601895564401166,0.10066156843370624,0.08859343924054,0.11285609775599514,115376.0,3.0183817803841663e-58,0.5753575155087477,0.5093851132686085,0.3255663430420712,4.829410848614666e-57,***,True
deduplicated_cosine_lt_099,Inductive LightGCN,Graph+BGE,MAP@10,1545,0.5988052002534203,0.48757639342444403,0.11122880682897635,0.09810894288135967,0.12405056783281054,109303.0,1.6759283228593975e-62,0.59693635788709,0.5055016181229773,0.3262135922330097,3.0166709811469155e-61,***,True
deduplicated_cosine_lt_099,Inductive BPR-MF,Graph+BGE,Recall@5,1545,0.6359224120425707,0.5742437485621411,0.06167866348042961,0.04777808955565521,0.07554722198397243,45108.0,2.7681882127914355e-20,0.44562632500691307,0.2563106796116505,0.6310679611650486,2.4913693915122917e-19,***,True
deduplicated_cosine_lt_099,Inductive BPR-MF,Graph+BGE,NDCG@5,1545,0.632475786454209,0.535334026262432,0.097141760191777,0.08432807099123787,0.11034950517033741,105131.5,5.8784041723350275e-49,0.5470090441781604,0.455663430420712,0.3766990291262136,7.054085006802033e-48,***,True
deduplicated_cosine_lt_099,Inductive BPR-MF,Graph+BGE,MAP@5,1545,0.5819287426585161,0.4761570178592832,0.10577172479923289,0.09236038445403331,0.11890089296416155,97381.0,2.947526153366093e-54,0.5777792230315644,0.4524271844660194,0.3786407766990291,4.12653661471253e-53,***,True
deduplicated_cosine_lt_099,Inductive BPR-MF,Graph+BGE,Recall@10,1545,0.6835980844757089,0.644986067996575,0.038612016479133884,0.025491220914479053,0.05169456118423836,47579.0,1.3723220241959737e-09,0.30554785223242303,0.21488673139158576,0.6614886731391586,9.606254169371816e-09,***,True
deduplicated_cosine_lt_099,Inductive BPR-MF,Graph+BGE,NDCG@10,1545,0.6479919207222558,0.5601895564401166,0.08780236428213925,0.0755819244020241,0.09994120318171598,123149.0,9.70899886788718e-48,0.5251363581152599,0.47637540453074434,0.34110032362459547,1.0679898754675897e-46,***,True
deduplicated_cosine_lt_099,Inductive BPR-MF,Graph+BGE,MAP@10,1545,0.5890142543832827,0.48757639342444403,0.10143786095883876,0.08869042726253873,0.11428689891834315,113923.5,9.429154962514971e-54,0.5589796297586695,0.47443365695792883,0.3423948220064725,1.2257901451269463e-52,***,True
deduplicated_cosine_lt_099,Inductive LightGCN,Inductive BPR-MF,Recall@5,1545,0.652699246618758,0.6359224120425707,0.016776834576187328,0.010053386952254268,0.023951263153123993,11717.5,1.0456445816023972e-05,0.3145857096896844,0.1022653721682848,0.8310679611650486,4.182578326409589e-05,***,True
deduplicated_cosine_lt_099,Inductive LightGCN,Inductive BPR-MF,NDCG@5,1545,0.6430009777400205,0.632475786454209,0.010525191285811468,0.005149946253054065,0.016141792332946745,50013.0,0.001559949419714845,0.16509327657443346,0.17411003236245956,0.683495145631068,0.00311989883942969,**,True
deduplicated_cosine_lt_099,Inductive LightGCN,Inductive BPR-MF,MAP@5,1545,0.590886012225818,0.5819287426585161,0.00895726956730193,0.00309279935275081,0.014868048064245472,50988.0,0.005406289564945354,0.14532837171879714,0.17346278317152103,0.6841423948220064,0.005406289564945354,**,True
deduplicated_cosine_lt_099,Inductive LightGCN,Inductive BPR-MF,Recall@10,1545,0.7065893426547861,0.6835980844757089,0.02299125817907712,0.015258926652373868,0.03090999739968762,16472.5,7.783060751747303e-09,0.37038948132859384,0.1313915857605178,0.7909385113268609,4.669836451048382e-08,***,True
deduplicated_cosine_lt_099,Inductive LightGCN,Inductive BPR-MF,NDCG@10,1545,0.6608511248738229,0.6479919207222558,0.012859204151566992,0.007713037774360795,0.01818526694726378,71921.5,7.815407149982573e-06,0.210113889712585,0.22006472491909385,0.6097087378640776,3.907703574991286e-05,***,True
deduplicated_cosine_lt_099,Inductive LightGCN,Inductive BPR-MF,MAP@10,1545,0.5988052002534203,0.5890142543832827,0.00979094587013758,0.004361855569817925,0.015489164631952107,75521.5,0.00028447931316893477,0.17057647743621845,0.2168284789644013,0.6097087378640776,0.0008534379395068042,***,True
deduplicated_cosine_lt_095,Inductive LightGCN,Graph+BGE,Recall@5,1521,0.6485669533372658,0.5744217491238638,0.07414520421340189,0.05992719252454793,0.08776403215286832,40697.5,1.4484469915086916e-26,0.5118828446864524,0.2774490466798159,0.6206443129520053,1.4484469915086915e-25,***,True
deduplicated_cosine_lt_095,Inductive LightGCN,Graph+BGE,NDCG@5,1521,0.63859507474103,0.5353592777250109,0.10323579701601923,0.08994672631465186,0.1164112365316862,100005.5,2.8609754152641657e-53,0.5708793271757904,0.47731755424063116,0.36554898093359633,4.291463122896249e-52,***,True
deduplicated_cosine_lt_095,Inductive LightGCN,Graph+BGE,MAP@5,1521,0.5858879392212726,0.4762735895000852,0.10961434972118733,0.09657155836803273,0.12303822259965422,92468.0,9.178279602888342e-58,0.597405961759923,0.4707429322813938,0.3701512163050625,1.5603075324910183e-56,***,True
deduplicated_cosine_lt_095,Inductive LightGCN,Graph+BGE,Recall@10,1521,0.703219724568252,0.6448740795888944,0.058345644979357444,0.04393204127336926,0.07228741067626884,42252.0,1.1429543333066357e-16,0.41282414741932794,0.24194608809993426,0.6476002629848784,9.143634666453086e-16,***,True
deduplicated_cosine_lt_095,Inductive LightGCN,Graph+BGE,NDCG@10,1521,0.6566739284249604,0.5600945212772249,0.09657940714773566,0.08447248239355379,0.1088976565940069,114579.0,5.575898590340776e-55,0.5633422256097561,0.5055884286653517,0.326758711374096,8.921437744545242e-54,***,True
deduplicated_cosine_lt_095,Inductive LightGCN,Graph+BGE,MAP@10,1521,0.5938590334957857,0.48761052268327404,0.10624851081251162,0.09354125512988372,0.1189129033675101,108763.0,4.930400242724892e-59,0.584696511485826,0.5016436554898094,0.32741617357001973,8.874720436904806e-58,***,True
deduplicated_cosine_lt_095,Inductive BPR-MF,Graph+BGE,Recall@5,1521,0.6315253955330518,0.5744217491238638,0.05710364640918794,0.04313613640450715,0.0711968597831679,44631.0,4.636588215929029e-18,0.4235433914986503,0.2511505588428665,0.6344510190664037,4.1729293943361265e-17,***,True
deduplicated_cosine_lt_095,Inductive BPR-MF,Graph+BGE,NDCG@5,1521,0.6279154728755291,0.5353592777250109,0.09255619515051819,0.07948911411447453,0.10553228388739971,104305.0,8.776382603854156e-46,0.5332953007371612,0.4510190664036818,0.378698224852071,1.0531659124624988e-44,***,True
deduplicated_cosine_lt_095,Inductive BPR-MF,Graph+BGE,MAP@5,1521,0.5768178220956,0.4762735895000852,0.10054423259551462,0.0868607991209487,0.11373653724401586,96805.5,7.293227350855169e-51,0.5640894016251157,0.4477317554240631,0.3806706114398422,1.0210518291197238e-49,***,True
deduplicated_cosine_lt_095,Inductive BPR-MF,Graph+BGE,Recall@10,1521,0.6798656851950275,0.6448740795888944,0.034991605606133146,0.022151425770434694,0.048238404835322185,47048.0,3.7605430760426445e-08,0.28069960861056753,0.210387902695595,0.6640368178829718,2.2563258456255867e-07,***,True
deduplicated_cosine_lt_095,Inductive BPR-MF,Graph+BGE,NDCG@10,1521,0.6436234850883271,0.5600945212772249,0.08352896381110225,0.0713122639708114,0.0954789299563231,122272.5,1.3536758343775431e-44,0.5113986013986014,0.4720578566732413,0.3425378040762656,1.4890434178152974e-43,***,True
deduplicated_cosine_lt_095,Inductive BPR-MF,Graph+BGE,MAP@10,1521,0.5839420854116112,0.48761052268327404,0.09633156272833726,0.0835877121353651,0.10919230866032097,113355.5,2.383507677114584e-50,0.5452145532305853,0.4700854700854701,0.3438527284681131,3.0985599802489593e-49,***,True
deduplicated_cosine_lt_095,Inductive LightGCN,Inductive BPR-MF,Recall@5,1521,0.6485669533372658,0.6315253955330518,0.017041557804213955,0.010007144172578098,0.02430703423430248,11717.5,1.0456445816023972e-05,0.3145857096896844,0.10387902695595003,0.8284023668639053,4.182578326409589e-05,***,True
deduplicated_cosine_lt_095,Inductive LightGCN,Inductive BPR-MF,NDCG@5,1521,0.63859507474103,0.6279154728755291,0.010679601865501058,0.005160211468777364,0.01618279809814679,49817.0,0.0015915502651425602,0.16495692111703375,0.1761998685075608,0.6791584483892176,0.0031831005302851204,**,True
deduplicated_cosine_lt_095,Inductive LightGCN,Inductive BPR-MF,MAP@5,1521,0.5858879392212726,0.5768178220956,0.009070117125672681,0.0033091715976331375,0.015007938247254486,50825.0,0.005705069439372722,0.14456188777055912,0.1755424063116371,0.6798159105851413,0.005705069439372722,**,True
deduplicated_cosine_lt_095,Inductive LightGCN,Inductive BPR-MF,Recall@10,1521,0.703219724568252,0.6798656851950275,0.0233540393732243,0.015536867126193097,0.031515717828249246,16472.5,7.783060751747303e-09,0.37038948132859384,0.1334648257725181,0.7876397107166337,5.448142526223112e-08,***,True
deduplicated_cosine_lt_095,Inductive LightGCN,Inductive BPR-MF,NDCG@10,1521,0.6566739284249604,0.6436234850883271,0.01305044333663339,0.007623526782139081,0.018653033589226924,71700.5,8.1025235138911e-06,0.20992490482250983,0.22287968441814596,0.6042077580539119,4.05126175694555e-05,***,True
deduplicated_cosine_lt_095,Inductive LightGCN,Inductive BPR-MF,MAP@10,1521,0.5938590334957857,0.5839420854116112,0.009916948084174378,0.0044044895410254616,0.015545074983620042,75357.5,0.0003111099678545191,0.16962805022506516,0.21959237343852728,0.6042077580539119,0.0009333299035635572,***,True
strict_clean_cosine_lt_095,Inductive LightGCN,Graph+BGE,Recall@5,879,0.644762429034329,0.5628327637127744,0.0819296653215545,0.06263878108044273,0.10126368584459329,13174.5,3.4759654780845477e-19,0.5559656218402427,0.2935153583617747,0.608646188850967,3.475965478084548e-18,***,True
strict_clean_cosine_lt_095,Inductive LightGCN,Graph+BGE,NDCG@5,879,0.635550269866111,0.5056933185741721,0.12985695129193894,0.11242444733976917,0.14749321316447014,29278.5,1.666885861474868e-45,0.6697478991596638,0.5472127417519909,0.323094425483504,2.500328792212302e-44,***,True
strict_clean_cosine_lt_095,Inductive LightGCN,Graph+BGE,MAP@5,879,0.5885794042051153,0.44907091391733034,0.13950849028778495,0.1219689856950238,0.15729825559347743,24860.0,3.5488051437599785e-51,0.7148183199977057,0.5426621160409556,0.32878270762229805,6.032968744391964e-50,***,True
strict_clean_cosine_lt_095,Inductive LightGCN,Graph+BGE,Recall@10,879,0.6962247446303527,0.6363496234322039,0.0598751211981487,0.04068902752190914,0.07862769570358408,13158.0,9.645287194313404e-11,0.4286086503387181,0.23777019340159272,0.6552901023890785,7.716229755450723e-10,***,True
strict_clean_cosine_lt_095,Inductive LightGCN,Graph+BGE,NDCG@10,879,0.6514923824612219,0.5313491592890365,0.12014322317218545,0.1039463278622409,0.1363103269446033,33375.0,5.3980666312435624e-46,0.6576923076923077,0.5722411831626849,0.2901023890784983,8.6369066099897e-45,***,True
strict_clean_cosine_lt_095,Inductive LightGCN,Graph+BGE,MAP@10,879,0.5945252573915422,0.4600274367531533,0.13449782063838892,0.11750039584964173,0.15137084730651693,29014.5,5.385431574882779e-52,0.7014600567971354,0.5688282138794084,0.2912400455062571,9.693776834789002e-51,***,True
strict_clean_cosine_lt_095,Inductive BPR-MF,Graph+BGE,Recall@5,879,0.6259584524942887,0.5628327637127744,0.06312568878151426,0.044293245265272306,0.08208023365170523,14473.0,2.0150518525414058e-13,0.4667771944367689,0.2627986348122867,0.6257110352673493,1.8135466672872652e-12,***,True
strict_clean_cosine_lt_095,Inductive BPR-MF,Graph+BGE,NDCG@5,879,0.6222522882816142,0.5056933185741721,0.11655896970744216,0.09906442678250739,0.13397815554678644,33349.0,9.402276479556687e-38,0.612200638405498,0.5108077360637088,0.3333333333333333,1.0342504127512356e-36,***,True
strict_clean_cosine_lt_095,Inductive BPR-MF,Graph+BGE,MAP@5,879,0.5765126616946867,0.44907091391733034,0.12744174777735642,0.10968036594615092,0.14567874109889184,29177.0,2.943838040438441e-43,0.6583889474300433,0.5085324232081911,0.33560864618885095,3.826989452569973e-42,***,True
strict_clean_cosine_lt_095,Inductive BPR-MF,Graph+BGE,Recall@10,879,0.6769776343974966,0.6363496234322039,0.040628010965292644,0.02388175193230236,0.057835432652738404,13820.0,5.184910458215456e-07,0.34041283856341725,0.21387940841865757,0.6712172923777019,3.6294373207508195e-06,***,True
strict_clean_cosine_lt_095,Inductive BPR-MF,Graph+BGE,NDCG@10,879,0.6380735438519135,0.5313491592890365,0.10672438456287706,0.09111567653324494,0.1233042270969558,37353.5,1.6680505044092334e-38,0.6043166229707899,0.534698521046644,0.3014789533560865,2.00166060529108e-37,***,True
strict_clean_cosine_lt_095,Inductive BPR-MF,Graph+BGE,MAP@10,879,0.5828342629520804,0.4600274367531533,0.12280682619892716,0.10607228613866154,0.14015767924388747,33066.0,8.398992570864001e-44,0.6474426638518377,0.5324232081911263,0.3037542662116041,1.1758589599209602e-42,***,True
strict_clean_cosine_lt_095,Inductive LightGCN,Inductive BPR-MF,Recall@5,879,0.644762429034329,0.6259584524942887,0.01880397654004025,0.00956209859011338,0.02855889223067835,3895.0,0.0004135949444389748,0.3300653594771242,0.10352673492605233,0.8270762229806599,0.002481569666633849,**,True
strict_clean_cosine_lt_095,Inductive LightGCN,Inductive BPR-MF,NDCG@5,879,0.635550269866111,0.6222522882816142,0.013297981584496776,0.006142364124288126,0.020774051274751074,12260.0,0.001090119086036006,0.23687404687062338,0.16609783845278725,0.7121729237770194,0.003510224658538585,**,True
strict_clean_cosine_lt_095,Inductive LightGCN,Inductive BPR-MF,MAP@5,879,0.5885794042051153,0.5765126616946867,0.01206674251042852,0.004583349134117054,0.01959397516116799,12258.5,0.0014844286184069432,0.23091160047681786,0.16496018202502843,0.7133105802047781,0.003510224658538585,**,True
strict_clean_cosine_lt_095,Inductive LightGCN,Inductive BPR-MF,Recall@10,879,0.6962247446303527,0.6769776343974966,0.01924711023285607,0.008814579832824162,0.030152799915774218,6324.5,0.0008775561646346462,0.28040732734099444,0.12627986348122866,0.7872582480091013,0.003510224658538585,**,True
strict_clean_cosine_lt_095,Inductive LightGCN,Inductive BPR-MF,NDCG@10,879,0.6514923824612219,0.6380735438519135,0.013418838609308405,0.006475964050235015,0.020616895713586277,19871.0,0.0004529796585667934,0.22620716510903427,0.20932878270762229,0.6359499431171786,0.002481569666633849,**,True
strict_clean_cosine_lt_095,Inductive LightGCN,Inductive BPR-MF,MAP@10,879,0.5945252573915422,0.5828342629520804,0.011690994439461765,0.004533996390888411,0.018990036478730734,20195.5,0.0009288978631983694,0.21357087227414331,0.20705346985210465,0.6359499431171786,0.003510224658538585,**,True
